Image,PSNR
1.jpg,5.584821787789168
2.jpg,7.145018917860345
6.jpg,6.644717223016819
7.jpg,8.11584303418516
8.jpg,8.215734765725319
10.jpg,3.8143278137920653
