Image,PSNR
1.jpg,6.046187522335354
2.jpg,6.593471231961006
6.jpg,6.524777014731345
7.jpg,8.118390061002398
8.jpg,8.110475029380392
10.jpg,4.73815982748535
