Image,RMS Contrast (Base Image),RMS Contrast (Final Image)
1.jpg,15.576318265089562,43.92715645031936
2.jpg,31.119432567480153,60.39688714016826
6.jpg,28.54969850296457,57.17306643490663
7.jpg,17.034188168329106,68.23559598825345
8.jpg,18.68669325133195,69.02594234139902
10.jpg,19.715753128302577,52.57049872411478
